1744,57.2252,209.8257,286.1260,0.2
1745,55.2347,202.5271,276.1734,0.2
1746,40.6741,149.1384,203.3706,0.2
1747,46.5291,168.3499,229.2603,0.2
1748,46.9640,172.2013,234.8200,0.2
1749,71.3062,198.7276,285.2247,0.3
1750,71.8719,201.0169,287.4876,0.3
1751,67.1510,194.1960,268.6040,0.3
1752,67.6255,195.6095,270.5020,0.3
1753,72.4033,201.9415,289.6131,0.3
1754,71.4743,198.0226,285.8971,0.3
1755,71.9641,200.1959,287.8563,0.3
1756,66.7572,192.3871,267.0289,0.3
1757,69.2157,200.8532,276.8626,0.3
1758,72.1129,216.3386,288.4515,0.2
1759,73.9694,221.9083,295.8778,0.2
1760,74.4189,219.1191,297.6755,0.3
1761,66.4449,199.3347,265.7796,0.3
1762,67.3388,200.0734,269.3552,0.3
1763,74.6381,220.9730,298.5525,0.3
1764,75.4574,222.4971,301.8297,0.3
1765,75.9666,222.1141,303.8665,0.3
1766,68.8104,206.4311,275.2414,0.2
1767,69.9952,209.9856,279.9808,0.2
1768,68.7690,206.2797,275.0762,0.3
1769,69.4390,208.3169,277.7558,0.2
1770,68.6674,206.0023,274.6697,0.2
1771,67.8489,203.5467,271.3955,0.2
1772,65.0407,195.1222,260.1629,0.2
1773,62.4449,187.3346,249.7795,0.2
1774,59.2268,177.6805,236.9074,0.2
1775,58.9657,176.8971,235.8627,0.2
1776,57.9298,173.7893,231.7190,0.2
1777,62.0937,186.2811,248.3747,0.2
1778,62.7000,188.0999,250.7998,0.2
1779,57.9091,173.7273,231.6364,0.2
1780,59.1039,177.3118,236.4158,0.2
1781,62.8798,188.6394,251.5192,0.2
1782,63.2774,189.8322,253.1096,0.2
1783,57.7775,173.3324,231.1099,0.2
1784,58.4676,175.4027,233.8702,0.2
1785,63.1668,189.5005,252.6674,0.2
1786,64.6693,191.2360,258.6774,0.3
1787,58.5431,175.6293,234.1725,0.2
1788,58.4033,175.2099,233.6132,0.2
1789,64.0222,182.8588,256.0888,0.3
1790,64.3475,171.3433,257.3902,0.3
1791,58.3102,174.9307,233.2409,0.2
1792,59.8987,179.6962,239.5950,0.2
1793,57.4473,172.3420,229.7893,0.2
1794,57.4652,172.3956,229.8608,0.2
1795,60.2248,180.6743,240.8991,0.2
1796,59.8623,179.5870,239.4493,0.2
1797,58.4937,167.0460,233.9750,0.3
1798,59.0021,161.9729,236.0084,0.3
1799,58.2783,160.8258,233.1132,0.3
1800,58.0624,174.1873,232.2497,0.2
1801,60.4097,181.2290,241.6386,0.2
1802,59.9183,179.7548,239.6731,0.2
1803,59.3119,177.9357,237.2476,0.2
1804,58.9989,176.9966,235.9954,0.2
1805,61.5106,184.5319,246.0425,0.2
1806,60.2457,180.7372,240.9829,0.2
1807,62.8630,188.5891,251.4522,0.2
1808,67.4492,202.3477,269.7969,0.2
1809,69.9398,209.8195,279.7594,0.2
1810,69.5747,208.7241,278.2988,0.3
1811,79.6772,239.0315,318.7087,0.3
1812,61.7116,92.5674,297.7294,0.3
1813,58.5087,87.7630,283.7606,0.3
1814,52.8944,79.3416,227.1905,0.3
1815,51.7045,77.5567,231.5453,0.3
1816,56.0288,87.5590,224.1151,0.3
1817,55.7522,86.0583,223.0087,0.3
1818,51.3084,76.9625,208.0719,0.3
1819,54.4526,83.0413,217.8104,0.3
1820,55.6356,95.3368,222.5425,0.3
1821,56.1228,93.0583,224.4911,0.3
1822,53.3725,84.1031,213.4898,0.3
1823,56.9617,100.8927,227.8467,0.3
1824,57.4559,91.2551,229.8234,0.3
1825,47.5750,71.3625,229.2823,0.3
1826,56.6437,86.9216,226.5750,0.3
1827,61.3596,184.0788,245.4384,0.2
1828,61.3039,183.9118,245.2157,0.2
1829,61.4431,184.3294,245.7726,0.2
1830,62.1061,110.0667,248.4242,0.3
1831,59.5605,95.0253,238.2420,0.3
1832,54.4985,81.7477,241.5577,0.3
1833,59.8747,92.8019,239.4989,0.3
1834,59.4508,89.1763,242.8567,0.3
1835,59.6620,92.9006,238.6481,0.3
1836,58.9084,97.2241,235.6336,0.3
1837,58.7734,99.6715,235.0937,0.3
1838,59.0251,98.2008,236.1005,0.3
1839,57.0951,88.3258,228.3802,0.3
1840,56.2968,84.4451,232.3245,0.3
1841,56.6501,84.9751,232.8866,0.3
1842,56.5426,84.8139,232.8984,0.3
1843,56.9724,85.4586,232.3703,0.3
1844,57.0188,85.5282,231.5111,0.3
1845,55.9916,83.9873,228.3325,0.3
1846,55.6625,83.4937,222.7073,0.3
1847,55.2589,87.8592,221.0358,0.3
1848,57.9504,86.9256,240.3540,0.3
1849,50.5655,75.8483,245.9791,0.3
1850,52.7049,79.0573,240.5366,0.3
1851,53.9298,80.8947,239.2075,0.3
1852,53.1457,79.7185,240.7191,0.3
1853,57.0982,85.6474,239.3673,0.3
1854,59.5778,90.0304,238.3111,0.3
1855,55.3429,94.0109,221.3715,0.3
1856,56.2658,84.3987,234.7136,0.3
1857,58.3065,96.3639,233.2258,0.3
1858,58.3869,175.1607,233.5476,0.2
1859,60.0818,91.2356,240.3273,0.3
1860,58.4997,175.4992,233.9989,0.2
1861,52.5309,94.3725,210.1238,0.3
1862,56.0599,84.0899,233.4559,0.3
1863,56.4589,84.6883,234.7357,0.3
1864,47.6030,71.4045,215.7815,0.3
1865,44.6027,66.9041,217.9410,0.3
1866,49.9263,74.8894,234.8810,0.3
1867,51.9417,77.9125,236.8918,0.3
1868,53.0738,86.8732,212.2953,0.3
1869,48.6199,72.9298,214.1576,0.3
1870,46.5291,69.7937,214.9917,0.3
1871,47.6224,71.4336,212.5201,0.3
1872,47.5486,71.3228,216.8635,0.3
1873,48.5620,72.8430,240.2745,0.3
1874,44.1988,66.2981,215.1849,0.3
1875,46.5699,69.8548,216.9593,0.3
1876,54.9476,82.4215,230.3675,0.3
1877,56.9948,89.2472,227.9792,0.3
1878,57.2874,86.9232,229.1497,0.3
1879,58.9787,176.9360,235.9146,0.2
1880,54.3591,81.5387,227.9115,0.3
1881,53.2550,88.2593,213.0201,0.3
1882,59.3687,89.9572,237.4748,0.3
1883,58.1890,88.4735,232.7562,0.3
1884,56.8997,85.3495,233.2792,0.3
1885,58.4715,91.3444,233.8861,0.3
1886,56.4975,88.3839,225.9901,0.3
1887,55.9991,83.9986,229.4829,0.3
1888,54.6919,82.0378,231.2385,0.3
1889,54.8322,82.2482,233.4724,0.3
1890,55.0646,84.9277,220.2584,0.3
1891,45.8021,68.7032,226.5988,0.3
1892,45.5636,68.3453,207.3753,0.3
1893,48.0997,72.1496,253.1362,0.3
1894,46.0843,69.1264,249.1579,0.3
1895,48.1518,72.2277,251.8884,0.3
1896,47.9016,71.8523,257.7248,0.3
1897,46.7578,70.1368,255.9557,0.3
1898,45.9549,68.9324,253.9099,0.3
1899,43.7275,65.5912,245.1506,0.3
1900,52.4287,78.6431,243.9855,0.3
1901,53.7376,80.6064,243.6533,0.3
1902,53.5313,80.2969,243.3180,0.3
1903,52.3139,78.4708,244.6312,0.3
1904,53.6377,80.4565,244.1886,0.3
1905,54.2992,81.4489,243.0334,0.3
1906,54.2765,81.4148,244.4639,0.3
1907,37.7648,56.6472,179.8993,0.3
1908,37.8738,56.8107,178.9558,0.3
1909,55.8118,83.7178,245.8204,0.3
1910,50.5237,75.7855,235.3500,0.3
1911,50.5150,75.7725,236.1134,0.3
1912,46.1857,69.2786,213.3199,0.3
1913,55.2969,82.9453,239.1093,0.3
1914,58.4714,87.7072,239.0749,0.3
1915,59.7851,90.2676,239.1402,0.3
1916,55.5990,171.6143,229.6220,0.2
1917,69.0017,119.9477,345.0084,0.2
1918,61.4368,225.2683,307.1841,0.2
1919,53.5898,196.4958,267.9488,0.2
1920,40.7928,149.5734,203.9638,0.2
1921,35.4754,130.0766,177.3772,0.2
1922,25.2029,79.1807,106.1697,0.2
1923,40.5870,148.8189,202.9348,0.2
1924,41.6839,152.8410,208.4195,0.2
1925,37.7351,121.3678,163.1842,0.2
1926,30.0901,45.1351,134.3844,0.3
1927,29.6385,108.6747,148.1927,0.2
1928,29.4381,44.1572,136.5207,0.3
1929,29.4943,44.2415,141.4361,0.3
1930,30.7774,46.1661,147.2441,0.3
1931,31.2782,46.9172,148.1593,0.3
1932,31.6661,47.4991,153.0529,0.3
1933,32.7373,49.1059,155.7293,0.3
1934,32.1874,48.2811,154.8073,0.3
1935,31.6933,47.5399,152.9598,0.3
1936,31.0085,46.5127,150.2898,0.3
1937,30.1965,45.2947,148.2856,0.3
1938,30.1957,45.2935,149.3429,0.3
1939,29.6399,44.4598,148.1896,0.3
1940,30.3277,45.4916,149.2096,0.3
1941,30.3624,45.5436,156.5065,0.3
1942,31.6143,47.4214,165.6469,0.3
1943,32.1556,48.2334,171.1189,0.3
1944,28.6362,42.9544,153.1570,0.3
1945,32.5435,48.8152,173.9255,0.3
1946,32.8680,49.3020,173.7994,0.3
1947,32.8132,49.2198,171.5887,0.3
1948,32.1560,48.2340,170.8007,0.3
1949,31.4244,47.1366,165.0841,0.3
1950,32.1813,48.2720,152.2975,0.3
1951,33.8258,50.7387,146.7366,0.3
1952,39.7474,59.6210,160.8599,0.3
1953,39.8089,59.7134,158.5001,0.3
1954,39.3891,59.0836,160.0662,0.3
1955,37.2020,55.8030,162.0940,0.3
1956,35.9641,53.9462,170.3417,0.3
1957,32.3119,48.4678,157.6629,0.3
1958,32.7192,49.0788,157.7160,0.3
1959,34.0009,51.0014,161.3964,0.3
1960,33.3653,50.0480,161.2003,0.3
1961,33.4788,50.2181,159.9974,0.3
1962,33.6153,50.4229,158.1641,0.3
1963,30.7643,46.1464,161.4277,0.3
1964,30.6254,45.9380,159.0580,0.3
1965,29.4917,44.2375,146.3704,0.3
1966,30.1640,45.2460,144.4218,0.3
1967,27.9843,41.9764,133.7347,0.3
1968,33.0188,49.5282,146.4004,0.3
1969,33.7339,50.6009,149.6729,0.3
1970,34.1360,51.2040,149.3441,0.3
1971,33.8857,50.8286,145.1265,0.3
1972,32.9606,49.4409,137.5772,0.3
1973,55.3200,82.9800,228.3835,0.3
1974,53.8081,80.7121,229.8983,0.3
1975,54.3928,88.6775,217.5711,0.3
1976,52.2110,78.3165,226.0561,0.3
1977,48.6006,72.9009,224.5269,0.3
1978,49.0396,73.5593,220.6680,0.3
1979,47.8089,71.7133,222.7047,0.3
1980,48.4061,72.6092,216.7402,0.3
1981,51.4648,147.8817,210.6783,0.3
1982,46.5257,117.8212,188.1431,0.3
1983,44.0787,144.3481,194.4828,0.2
1984,57.8008,164.4564,231.2033,0.3
1985,56.3600,88.7306,225.4400,0.3
1986,33.6121,50.4182,147.1620,0.3
1987,34.4055,51.6082,148.4003,0.3
1988,32.5116,48.7674,153.3578,0.3
1989,28.6024,42.9036,135.6165,0.3
1990,27.6091,41.4137,137.8994,0.3
1991,29.5272,44.2908,153.2057,0.3
1992,30.3880,45.5820,155.1475,0.3
1993,28.1556,42.2333,139.5968,0.3
1994,28.7343,43.1014,137.1271,0.3
1995,32.1587,48.2380,145.3864,0.3
1996,31.7185,47.5777,142.9028,0.3
1997,32.5702,48.8553,148.6291,0.3
1998,32.3753,48.5629,149.1103,0.3
1999,34.1822,51.2732,159.3940,0.3
2000,29.8372,44.7557,136.7057,0.3
2001,45.7747,137.3242,183.0989,0.2
2002,57.7630,86.6444,236.6117,0.3
2003,54.7088,82.0632,229.8478,0.3
2004,53.5558,80.3337,221.9048,0.3
2005,52.8604,79.2906,223.3571,0.3
2006,50.6110,75.9164,230.2683,0.3
2007,51.3171,76.9756,227.2637,0.3
2008,50.9986,76.4979,228.2183,0.3
2009,50.2491,75.3736,230.1744,0.3
2010,49.5372,74.3058,233.1741,0.3
2011,51.3637,77.0455,225.4041,0.3
2012,50.9466,76.4199,219.4237,0.3
2013,51.1297,76.6946,227.7641,0.3
2014,51.4364,77.1546,225.8458,0.3
2015,51.1816,76.7724,227.4824,0.3
2016,50.9828,76.4742,228.4508,0.3
2017,50.7578,76.1367,230.4342,0.3
2018,54.3830,81.5745,233.4554,0.3
2019,48.9887,73.4830,220.8210,0.3
2020,55.5887,87.0826,222.3547,0.3
2021,55.3296,89.3983,221.3184,0.3
2022,54.7377,91.0746,218.9507,0.3
2023,57.9767,87.9214,231.9070,0.3
2024,54.3356,86.7717,217.3424,0.3
2025,54.4575,83.6224,217.8301,0.3
2026,50.7127,76.0690,218.6436,0.3
2027,50.2029,75.3044,228.4806,0.3
2028,50.0389,75.0584,228.0167,0.3
2029,51.8789,77.8183,218.4454,0.3
2030,53.2197,79.8295,217.7172,0.3
2031,53.0610,79.5914,218.6969,0.3
2032,52.9147,79.3720,219.6805,0.3
2033,54.6185,81.9278,237.7199,0.3
2034,54.7625,82.1438,234.9201,0.3
2035,49.6989,74.5483,237.0822,0.3
2036,50.4140,75.6209,236.3564,0.3
2037,54.8377,82.2565,221.2744,0.3
2038,57.6298,86.4446,232.6677,0.3
2039,52.4486,78.6728,219.8271,0.3
2040,52.2154,78.3231,218.9936,0.3
2041,53.4242,80.1363,218.9425,0.3
2042,52.9988,79.4982,217.4871,0.3
2043,28.0612,102.8912,140.3062,0.2
2044,28.8961,104.6192,142.4807,0.2
2045,55.6652,83.4978,234.7254,0.3
2046,31.9912,102.6963,138.0489,0.2
2047,29.2731,107.3349,146.3657,0.2
2048,28.4253,104.2260,142.1263,0.2
2049,25.7505,81.0665,108.7245,0.2
2050,29.1913,107.0349,145.9567,0.2
2051,27.9790,102.5897,139.8950,0.2
2052,33.7884,123.8907,168.9419,0.2
2053,35.2729,129.3339,176.3644,0.2
2054,35.4731,116.1840,156.5395,0.2
2055,42.0000,73.5000,207.0000,0.4
2056,47.5912,71.3868,220.5255,0.3
2057,45.7361,68.6041,228.3998,0.3
2058,42.3695,63.5543,228.7314,0.3
2059,43.3498,65.0247,238.0838,0.3
2060,46.5040,69.7561,223.9548,0.3
2061,45.9245,68.8868,210.9860,0.3
2062,48.0775,72.1162,207.2595,0.3
2063,49.4114,74.1171,215.6789,0.3
2064,54.5574,81.8361,220.2622,0.3
2065,56.0660,85.9464,224.2639,0.3
2066,55.9155,85.1242,223.6621,0.3
2067,40.7958,61.1937,204.2771,0.3
2068,36.9466,55.4198,201.7587,0.3
2069,39.7811,59.6717,214.4633,0.3
2070,39.8805,59.8207,216.9906,0.3
2071,38.3770,57.5655,210.5175,0.3
2072,33.8324,50.7485,184.5246,0.3
2073,37.5933,56.3899,201.7592,0.3
2074,53.7306,80.5960,257.8679,0.3
2075,57.5216,86.2824,277.6595,0.3
2076,58.1253,87.1879,277.0177,0.3
2077,57.2219,85.8329,277.5005,0.3
2078,58.4660,87.6990,270.1491,0.3
2079,61.0859,91.6288,276.9735,0.3
2080,57.9333,86.9000,263.1680,0.3
2081,52.8168,79.2252,288.9059,0.3
2082,55.5709,83.3564,239.8271,0.3
2083,42.4098,63.6147,235.4317,0.3
2084,60.2009,96.0664,240.8036,0.3
2085,56.3547,84.5320,249.9996,0.3
2086,55.2240,82.8359,253.4381,0.3
2087,58.2509,87.3763,252.1843,0.3
2088,57.3408,86.0112,255.0800,0.3
2089,59.1276,88.6914,254.9581,0.3
2090,65.1343,100.6414,260.5370,0.3
2091,66.8296,100.2444,276.1425,0.3
2092,77.7184,116.5777,429.8836,0.3
2093,70.8938,106.3407,336.3429,0.3
2094,66.2937,99.4405,380.9765,0.3
2095,61.1194,91.6791,352.9976,0.3
2096,56.5938,84.8907,327.4014,0.3
2097,57.7681,86.6522,334.3006,0.3
2098,57.4896,86.2343,267.7073,0.3
2099,63.8745,95.8118,271.5803,0.3
2100,61.8944,92.8416,276.1504,0.3
2101,51.2866,76.9299,286.8770,0.3
2102,52.7367,79.1050,292.2422,0.3
2103,52.6979,79.0468,292.6175,0.3
2104,58.2793,87.4190,251.4346,0.3
2105,67.0181,100.5271,304.5032,0.3
2106,55.5760,83.3641,194.4188,0.3
2107,60.8478,91.2717,217.8809,0.3
2108,74.3639,111.5459,275.3370,0.3
2109,53.7025,80.5538,306.4740,0.3
2110,55.3250,82.9875,319.0826,0.3
2111,56.7991,85.1986,328.2202,0.3
2112,52.6096,78.9143,262.5068,0.3
2113,54.2900,81.4350,314.1227,0.3
2114,61.2657,91.8986,349.5377,0.3
2115,67.9991,101.9987,377.7573,0.3
2116,76.8336,115.2503,408.9893,0.3
2117,61.5000,87.7500,219.0000,0.4
2118,61.5000,87.7500,219.0000,0.4
2119,46.5000,71.2500,223.5000,0.4
2120,46.5000,71.2500,285.0000,0.4
2121,46.5000,71.2500,223.5000,0.4
2122,209.8883,629.6650,839.5533,0.2
2123,206.8846,620.6537,827.5382,0.2
2124,205.4968,616.4904,821.9872,0.2
2125,205.4968,616.4904,821.9872,0.2
2126,96.2520,288.7559,385.0079,0.2
2127,67.5300,202.5899,270.1199,0.2
2128,70.8604,212.5811,283.4415,0.2
2129,30.2259,84.1277,111.0786,0.2
2130,30.2259,84.1277,111.0786,0.2
2131,30.2259,84.1277,111.0786,0.2
2132,30.2259,84.1277,111.0786,0.2
2133,142.5304,207.4326,291.4237,0.3
2134,47.0548,141.1643,188.2191,0.2
2135,41.3346,124.0038,165.3384,0.2
2136,38.2468,114.7404,152.9872,0.2
2137,39.8138,119.4415,159.2554,0.2
2138,57.5174,150.5475,192.1780,0.2
2139,44.9919,116.5811,152.3758,0.2
2140,60.6254,167.2317,216.2695,0.2
2141,43.3383,120.8501,159.6060,0.2
2142,80.4272,241.2817,321.7090,0.2
2143,53.9078,161.7235,215.6313,0.2
2144,44.0900,132.2700,176.3601,0.2
2145,52.6346,107.0134,134.2029,0.2
2146,46.6797,92.2592,115.0490,0.2
2147,50.8178,97.7782,121.2584,0.2
2148,53.5223,102.1230,126.4233,0.2
2149,49.1140,92.3716,114.0004,0.2
2150,53.0346,100.0393,123.5417,0.2
2151,72.1027,126.9133,154.3186,0.2
2152,79.2821,138.1488,167.5821,0.2
2153,83.9435,147.4167,179.1532,0.2
2154,73.0952,128.9878,156.9341,0.2
2155,61.2465,116.9964,144.8714,0.2
2156,60.7185,115.7874,143.3219,0.2
2157,60.6768,115.7664,143.3112,0.2
2158,60.9825,116.2599,143.8987,0.2
2159,61.6337,117.8308,145.9294,0.2
2160,64.8893,194.6679,259.5572,0.2
2161,54.8684,164.6053,219.4737,0.2
2162,83.8384,251.5151,335.3535,0.2
2163,58.6212,175.8636,234.4848,0.2
2164,68.0663,200.5453,266.7847,0.2
2165,66.5626,192.4283,255.3611,0.3
2166,70.5789,211.7367,282.3156,0.2
2167,80.0923,240.2769,320.3692,0.2
2168,77.9478,233.8434,311.7912,0.2
2169,83.0630,249.1891,332.2521,0.2
2170,81.6798,245.0395,326.7193,0.2
2171,101.8244,301.0827,400.7119,0.2
2172,82.0060,246.0180,328.0240,0.2
2173,41.3701,62.0551,157.1440,0.3
2174,43.9363,65.9044,168.9483,0.3
2175,38.0985,114.2954,152.3938,0.2
2176,30.6836,46.0254,149.1917,0.3
2177,13.8405,41.5214,55.3619,0.2
2178,13.8405,41.5214,55.3619,0.2
2179,73.2713,109.9069,392.1791,0.3
2180,90.2729,270.8187,361.0916,0.2
2181,89.0510,141.6816,356.2040,0.3
2182,103.7568,311.2704,415.0272,0.2
2183,62.2544,93.3816,286.7955,0.3
2184,93.4274,152.9129,373.7096,0.3
2185,42.0820,63.1230,212.8203,0.3
2186,53.6930,80.5396,327.2556,0.3
2187,73.1198,109.6797,453.6675,0.3
2188,46.8706,70.3058,264.6513,0.3
2189,42.0288,63.0432,218.7862,0.3
2190,56.6911,85.0367,249.1056,0.3
2191,66.8163,100.2245,288.1739,0.3
2192,63.2342,94.8513,306.1797,0.3
2193,54.9851,82.4776,308.2560,0.3
2194,78.0596,234.1789,312.2385,0.2
2195,76.9358,230.8074,307.7432,0.2
2196,67.3436,202.0307,269.3743,0.2
2197,67.2639,154.5889,198.2514,0.2
2198,92.7232,139.0848,445.6277,0.3
2199,51.0126,76.5189,189.1597,0.3
2200,49.2973,73.9459,141.1018,0.3
2201,49.3051,73.9576,141.5114,0.3
2202,44.3672,66.5508,128.0350,0.3
2203,55.4778,83.2168,148.1504,0.3
2204,60.1735,90.2603,168.9432,0.3
2205,45.1130,67.6695,141.1841,0.3
2206,33.5640,50.3461,108.7461,0.3
2207,30.9988,46.4982,107.8507,0.3
2208,60.0201,90.0301,166.2222,0.3
2209,62.5666,93.8499,182.2882,0.3
2210,60.7062,91.0592,192.2962,0.3
2211,58.0899,92.6440,203.3314,0.3
2212,57.4945,86.2417,193.4156,0.3
2213,52.9333,79.4000,186.1517,0.3
2214,42.2105,63.3157,129.7419,0.3
2215,50.1208,79.5654,200.4831,0.3
2216,46.7793,140.3380,187.1173,0.2
2217,45.5861,73.5183,182.3443,0.3
2218,47.3579,71.0369,181.7462,0.3
2219,45.6255,68.4382,165.6961,0.3
2220,66.0467,99.0701,187.8479,0.3
2221,65.0002,97.5003,191.8700,0.3
2222,62.4923,93.7384,192.1160,0.3
2223,58.7520,88.1280,189.7964,0.3
2224,58.6093,87.9140,191.4668,0.3
2225,61.3000,91.9499,203.3641,0.3
2226,51.8150,77.7225,177.3107,0.3
2227,49.0801,73.6201,210.1804,0.3
2228,39.4048,59.1072,170.8506,0.3
2229,38.6893,58.0340,176.3001,0.3
2230,33.6610,50.4915,160.2368,0.3
2231,46.9551,70.4327,180.9524,0.3
2232,40.5146,60.7719,167.1828,0.3
2233,40.0368,60.0552,168.6129,0.3
2234,40.3809,60.5714,170.0623,0.3
2235,40.7001,61.0501,171.4063,0.3
2236,57.4261,86.1391,202.1284,0.3
2237,56.2710,84.4065,213.4422,0.3
2238,46.3324,69.4985,187.9533,0.3
2239,42.1349,63.2023,191.6588,0.3
2240,50.5898,75.8848,217.9233,0.3
2241,48.4289,72.6434,231.2185,0.3
2242,50.4523,75.6784,228.0162,0.3
2243,48.6543,72.9814,221.1281,0.3
2244,50.4443,75.6665,227.7526,0.3
2245,47.2565,70.8848,211.4888,0.3
2246,52.8802,89.7970,211.5209,0.3
2247,47.1849,70.7773,211.0228,0.3
2248,46.2287,69.3431,202.7370,0.3
2249,46.0969,69.1453,201.1542,0.3
2250,45.8297,68.7445,209.0947,0.3
2251,45.7694,68.6542,206.9055,0.3
2252,45.9081,68.8622,211.9195,0.3
2253,45.8632,68.7948,191.2214,0.3
2254,45.8508,68.7761,210.7408,0.3
2255,46.9846,70.4770,212.8399,0.3
2256,47.9619,76.9406,191.8478,0.3
2257,48.5401,78.1615,194.1605,0.3
2258,49.1973,79.8397,196.7891,0.3
2259,51.2110,76.8165,213.0851,0.3
2260,50.5519,76.7162,202.2076,0.3
2261,50.5481,76.5856,202.1924,0.3
2262,50.7110,76.3715,202.8438,0.3
2263,48.2409,76.3265,192.9637,0.3
2264,50.9348,76.4022,220.5947,0.3
2265,51.1000,76.6500,222.5918,0.3
2266,45.9328,68.8992,210.9988,0.3
2267,46.0186,69.0280,210.9123,0.3
2268,45.9700,68.9549,211.0564,0.3
2269,40.5556,60.8335,211.1698,0.3
2270,40.3970,60.5954,210.3143,0.3
2271,51.6144,78.2512,206.4574,0.3
2272,49.4353,74.1529,201.4262,0.3
2273,42.1561,63.2341,199.2726,0.3
2274,48.6133,116.9904,151.1789,0.2
2275,48.6133,116.9904,151.1789,0.2
2276,49.8214,74.7321,306.4376,0.3
2277,47.1686,70.7529,197.8836,0.3
2278,47.2472,70.8709,195.7832,0.3
2279,47.0588,70.5882,208.4082,0.3
2280,46.5252,69.7877,206.2534,0.3
2281,47.2590,70.8884,188.7659,0.3
2282,52.6352,78.9529,204.2953,0.3
2283,52.7009,79.0513,202.3275,0.3
2284,52.9979,79.4969,195.6984,0.3
2285,46.9101,70.3651,194.3860,0.3
2286,42.9306,64.3959,196.5265,0.3
2287,43.4451,65.1677,209.5414,0.3
2288,43.1645,64.7467,203.7028,0.3
2289,42.5317,63.7975,208.7138,0.3
2290,41.1740,61.7611,211.0311,0.3
2291,42.0018,63.0026,223.2705,0.3
2292,42.7282,64.0922,224.3307,0.3
2293,42.4740,63.7110,217.3745,0.3
2294,41.2910,61.9365,217.2589,0.3
2295,39.5808,59.3713,208.3628,0.3
2296,37.7682,56.6522,199.1135,0.3
2297,36.6321,54.9481,192.4403,0.3
2298,52.5000,78.7500,205.5000,0.4
2299,39.0000,60.0000,150.0000,0.4
2300,67.5000,101.2500,232.5000,0.4
2301,40.5000,75.0000,243.0000,0.4
2302,66.0000,102.0000,325.5000,0.4
2303,52.5000,74.2500,187.5000,0.4
2304,74.7281,224.1842,298.9123,0.2
2305,66.3980,199.1940,265.5920,0.2
2306,62.1075,186.3226,248.4301,0.2
2307,58.9081,176.7243,235.6323,0.2
2308,61.4955,184.4866,245.9821,0.2
2309,60.3125,180.9376,241.2502,0.2
2310,59.6721,179.0163,238.6884,0.2
2311,66.2361,198.7084,264.9445,0.2
2312,69.4207,193.7112,255.8564,0.2
2313,70.1960,196.2691,259.3057,0.2
2314,69.8783,194.8589,257.3492,0.2
2315,65.0882,195.2647,260.3529,0.2
2316,66.4914,199.4742,265.9655,0.2
2317,66.0392,198.1177,264.1569,0.2
2318,67.1684,201.5052,268.6735,0.2
2319,69.4155,208.2466,277.6622,0.2
2320,58.1368,174.4103,232.5470,0.2
2321,57.9615,173.8846,231.8462,0.2
2322,61.0200,183.0599,244.0799,0.2
2323,60.2992,180.8976,241.1968,0.2
2324,60.5832,181.7497,242.3330,0.2
2325,59.8895,179.6684,239.5578,0.2
2326,60.1566,180.4697,240.6263,0.2
2327,59.5044,178.5131,238.0174,0.2
2328,59.7560,179.2680,239.0240,0.2
2329,58.7156,176.1467,234.8622,0.2
2330,65.9329,197.7988,263.7318,0.2
2331,62.3904,187.1711,249.5615,0.2
2332,62.6415,187.9246,250.5661,0.2
2333,62.8984,188.6953,251.5937,0.2
2334,65.3467,196.0400,261.3867,0.2
2335,70.2275,205.1999,272.6861,0.2
2336,78.0557,227.2142,301.7935,0.2
2337,77.2845,224.1422,297.5711,0.2
2338,77.7993,226.1971,300.3960,0.2
2339,73.2563,212.2115,281.6891,0.2
2340,75.1426,216.6089,287.3420,0.2
2341,76.9099,226.4411,301.2066,0.2
2342,76.4469,224.5145,298.5483,0.2
2343,74.2163,215.1087,285.5548,0.2
2344,73.1339,210.4236,279.0684,0.2
2345,72.8203,209.0329,277.1392,0.2
2346,66.6900,185.5660,245.0040,0.2
2347,72.5772,217.7317,290.3089,0.2
2348,68.3795,187.9812,247.7821,0.2
2349,68.1648,186.9414,246.3297,0.2
2350,67.9692,185.9677,244.9670,0.2
2351,67.7929,185.0614,243.6956,0.2
2352,67.6657,184.3851,242.7448,0.2
2353,67.3043,182.5024,240.1015,0.2
2354,67.8306,185.2576,243.9712,0.2
2355,67.8443,185.3289,244.0712,0.2
2356,67.8991,185.6113,244.4674,0.2
2357,68.0042,186.1443,245.2144,0.2
2358,68.5559,188.8175,248.9484,0.2
2359,68.8411,190.1434,250.7945,0.2
2360,69.0357,196.9683,260.9346,0.2
2361,72.3319,206.3653,273.3821,0.2
2362,61.0888,183.2664,244.3552,0.2
2363,61.1867,183.5601,244.7467,0.2
2364,62.4740,186.0845,247.8898,0.2
2365,63.1539,181.3710,240.4795,0.2
2366,63.3766,190.1297,253.5063,0.2
2367,63.7740,191.3221,255.0962,0.2
2368,61.1668,183.5003,244.6671,0.2
2369,61.8774,185.6322,247.5097,0.2
2370,62.9402,188.8205,251.7607,0.2
2371,63.0571,189.1712,252.2283,0.2
2372,63.5910,190.7731,254.3641,0.2
2373,61.5081,184.5242,246.0322,0.2
2374,64.3743,193.1228,257.4970,0.2
2375,66.2545,198.7634,265.0179,0.2
2376,65.8763,197.6289,263.5052,0.2
2377,61.5208,184.5625,246.0833,0.2
2378,62.1646,186.4938,248.6584,0.2
2379,58.4859,175.4576,233.9434,0.2
2380,62.2977,186.8932,249.1909,0.2
2381,71.8518,215.5553,287.4071,0.2
2382,63.4162,190.2485,253.6647,0.2
2383,65.9303,184.6099,243.9497,0.2
2384,65.7833,187.8137,248.8289,0.2
2385,63.8107,191.4321,255.2428,0.2
2386,67.2312,194.0912,257.5212,0.2
2387,60.1373,180.4118,240.5491,0.2
2388,62.5863,187.7590,250.3453,0.2
2389,61.0807,156.7499,305.4037,0.2
2390,78.3738,140.9961,375.9896,0.2
2391,80.4095,131.7942,351.4511,0.2
2392,73.8073,110.7109,295.2291,0.2
2393,76.7804,115.1706,307.1216,0.2
2394,76.3474,115.1706,307.1216,0.2
2395,70.8520,106.2781,283.4082,0.2
2396,68.9693,103.4540,275.8774,0.2
2397,86.0348,129.0521,344.1390,0.2
2398,91.4438,137.4939,366.6505,0.2
2399,92.7546,149.8257,399.5353,0.2
2400,52.1597,156.4791,208.6388,0.2
2401,57.3229,171.9686,229.2915,0.2
2402,57.0185,171.0555,228.0741,0.2
2403,60.1867,172.4341,228.5578,0.2
2404,59.5167,169.7359,224.8454,0.2
2405,61.2639,174.7298,231.4628,0.2
2406,60.8604,173.6227,230.0039,0.2
2407,60.8916,173.7872,230.2350,0.2
2408,60.7625,168.5765,222.4836,0.2
2409,61.5096,169.9920,224.2332,0.2
2410,65.4615,180.2204,237.5999,0.2
2411,65.4905,180.3762,237.8190,0.2
2412,60.9637,172.8701,228.8232,0.2
2413,59.9656,169.3983,224.1147,0.2
2414,60.7721,171.7528,227.2432,0.2
2415,60.7958,171.8965,227.4468,0.2
2416,59.8202,168.5110,222.8564,0.2
2417,62.2168,170.3990,224.4901,0.2
2418,62.9749,173.2638,228.4083,0.2
2419,63.3209,175.0420,230.9026,0.2
2420,56.8615,157.7172,208.1450,0.2
2421,66.3994,199.1982,265.5976,0.2
2422,65.9342,197.8027,263.7370,0.2
2423,65.9943,197.9828,263.9770,0.2
2424,65.6431,196.9292,262.5723,0.2
2425,62.9508,188.8523,251.8030,0.2
2426,63.1354,180.8367,239.6874,0.2
2427,73.8400,217.8011,289.7816,0.2
2428,65.9893,197.9679,263.9571,0.2
2429,67.2929,201.8786,269.1715,0.2
2430,65.2017,195.6052,260.8070,0.2
2431,64.8655,194.5965,259.4620,0.2
2432,63.5441,190.6324,254.1766,0.2
2433,57.9107,173.7320,231.6427,0.2
2434,66.1103,198.3308,264.4411,0.2
2435,65.8647,197.5940,263.4587,0.2
2436,64.1617,192.4852,256.6469,0.2
2437,62.3767,165.2508,216.6878,0.2
2438,62.7222,166.2653,218.0369,0.2
2439,63.0349,167.2710,219.3891,0.2
2440,64.2038,169.0787,221.5161,0.2
2441,62.1469,186.4407,248.5876,0.2
2442,64.3373,189.7406,252.4422,0.2
2443,65.1540,195.4620,260.6160,0.2
2444,63.4502,190.3506,253.8008,0.2
2445,63.3213,189.9638,253.2850,0.2
2446,63.3012,189.9037,253.2049,0.2
2447,66.6669,195.7924,260.3551,0.2
2448,63.5973,190.7919,254.3892,0.2
2449,59.0581,177.1742,236.2323,0.2
2450,59.0380,177.1140,236.1521,0.2
2451,60.4851,181.4552,241.9403,0.2
2452,62.3099,182.4376,242.5015,0.2
2453,63.5263,185.5395,246.5461,0.2
2454,62.3058,182.0968,241.9923,0.2
2455,62.2771,182.3070,242.3219,0.2
2456,57.7480,173.2439,230.9919,0.2
2457,55.8381,167.5143,223.3523,0.2
2458,56.7430,170.2291,226.9721,0.2
2459,61.5648,162.9959,213.7114,0.2
2460,59.3065,157.9505,207.2725,0.2
2461,58.7394,162.6514,214.6073,0.2
2462,60.7379,176.6121,234.5491,0.2
2463,60.9881,178.2880,236.9380,0.2
2464,61.2310,179.7741,239.0456,0.2
2465,61.1711,179.4038,238.5201,0.2
2466,61.5561,181.6670,241.7224,0.2
2467,61.6053,181.9409,242.1087,0.2
2468,61.3200,180.3093,239.8039,0.2
2469,61.3200,180.3093,239.8039,0.2
2470,61.3200,180.3093,239.8039,0.2
2471,61.3200,180.3093,239.8039,0.2
2472,61.6053,181.9409,242.1087,0.2
2473,61.6053,181.9409,242.1087,0.2
2474,61.9433,183.7664,244.6780,0.2
2475,61.9433,183.7664,244.6780,0.2
2476,61.9433,183.7664,244.6780,0.2
2477,55.5408,166.6225,222.1633,0.2
2478,55.5384,166.6151,222.1535,0.2
2479,56.3108,168.9324,225.2432,0.2
2480,55.8398,167.5193,223.3591,0.2
2481,57.9469,173.8406,231.7875,0.2
2482,58.3985,175.1956,233.5941,0.2
2483,57.9494,173.8483,231.7977,0.2
2484,57.0716,171.2148,228.2864,0.2
2485,57.0556,170.8816,227.7946,0.2
2486,57.9680,173.9041,231.8721,0.2
2487,57.9680,173.9041,231.8721,0.2
2488,57.9680,173.9041,231.8721,0.2
2489,57.9680,173.9041,231.8721,0.2
2490,57.9680,173.9041,231.8721,0.2
2491,57.9680,173.9041,231.8721,0.2
2492,57.9680,173.9041,231.8721,0.2
2493,57.9680,173.9041,231.8721,0.2
2494,58.3303,174.9909,233.3212,0.2
2495,57.9680,173.9041,231.8721,0.2
2496,57.9680,173.9041,231.8721,0.2
2497,57.9680,173.9041,231.8721,0.2
2498,57.9680,173.9041,231.8721,0.2
2499,65.6249,189.7987,251.8856,0.2
2500,69.6209,200.3716,265.7470,0.2
2501,71.7923,215.3768,287.1690,0.2
2502,71.7914,215.3743,287.1657,0.2
2503,71.0596,212.8234,283.7053,0.2
2504,71.7914,215.3743,287.1657,0.2
2505,71.7914,215.3743,287.1657,0.2
2506,71.7914,215.3743,287.1657,0.2
2507,71.7923,215.3768,287.1690,0.2
2508,71.3176,206.2630,273.7357,0.2
2509,66.8210,192.3263,255.0790,0.2
2510,56.4025,169.2075,225.6100,0.2
2511,56.1130,168.3389,224.4519,0.2
2512,56.1958,168.5873,224.7831,0.2
2513,56.6854,170.0563,226.7418,0.2
2514,57.4369,171.3563,228.3160,0.2
2515,61.4225,177.3507,235.3148,0.2
2516,67.7052,194.8734,258.4574,0.2
2517,67.3462,193.2389,256.1853,0.2
2518,64.6083,174.0135,305.6816,0.2
2519,49.1121,140.0907,245.5605,0.2
2520,82.2092,136.8377,348.9565,0.2
2521,70.4613,133.6107,298.3902,0.2
2522,59.9869,141.5105,268.7305,0.2
2523,48.6539,134.5497,233.1430,0.2
2524,47.8464,123.9247,216.0739,0.2
2525,35.6413,127.9849,174.1567,0.2
2526,26.6560,97.7386,133.2799,0.2
2527,30.9489,112.9297,153.9201,0.2
2528,22.0239,80.7542,110.1193,0.2
2529,50.3378,75.5067,262.9661,0.3
2530,50.3122,75.4683,260.4366,0.3
2531,43.9027,65.8540,220.3311,0.3
2532,37.2978,55.9467,182.9296,0.3
2533,37.2689,55.9033,186.6587,0.3
2534,37.6383,56.4575,184.9358,0.3
2535,37.2917,55.9376,183.8061,0.3
2536,38.1502,57.2253,187.4732,0.3
2537,38.1375,57.2063,188.8776,0.3
2538,38.1498,57.2247,187.4472,0.3
2539,38.1786,57.2679,186.0977,0.3
2540,38.1505,57.2258,187.4991,0.3
2541,38.1631,57.2447,186.0708,0.3
2542,38.1512,57.2268,187.5511,0.3
2543,38.1637,57.2455,186.1220,0.3
2544,38.1519,57.2278,187.6031,0.3
2545,38.1643,57.2464,186.1796,0.3
2546,38.3425,57.5137,181.8346,0.3
2547,44.7332,67.0997,212.8563,0.3
2548,41.5120,62.2680,198.2584,0.3
2549,41.6725,62.5087,194.1440,0.3
2550,41.7309,62.5963,192.8746,0.3
2551,41.7706,62.6559,191.4914,0.3
2552,45.0871,67.6307,205.5093,0.3
2553,45.1495,67.7243,203.3878,0.3
2554,41.7386,62.6078,189.2106,0.3
2555,41.8152,62.7228,187.9798,0.3
2556,41.7359,62.6039,189.3432,0.3
2557,41.7958,62.6937,188.0382,0.3
2558,41.8786,62.8179,186.8232,0.3
2559,41.7928,62.6892,188.1633,0.3
2560,41.7309,62.5964,189.6030,0.3
2561,41.9439,62.9158,185.6572,0.3
2562,41.8606,62.7909,187.0823,0.3
2563,42.6432,63.9648,193.1110,0.3
2564,42.7348,64.1021,191.9559,0.3
2565,41.9569,62.9354,186.4270,0.3
2566,41.8618,62.7927,187.9791,0.3
2567,41.9227,62.8841,186.9354,0.3
2568,41.8345,62.7517,188.5444,0.3
2569,41.8930,62.8396,187.4885,0.3
2570,41.9562,62.9343,186.4504,0.3
2571,41.8606,62.7909,188.0267,0.3
2572,41.7797,62.6696,189.6549,0.3
2573,41.7217,62.5826,191.3614,0.3
2574,41.7522,62.6284,190.2060,0.3
2575,42.8475,64.2713,195.5901,0.3
2576,44.5073,66.7609,204.1397,0.3
2577,43.3916,65.0874,202.9487,0.3
2578,45.0835,67.6253,207.2563,0.3
2579,41.5512,62.3268,188.7183,0.3
2580,42.6414,63.9622,194.0530,0.3
2581,44.4307,66.6460,199.6477,0.3
2582,44.4957,66.7436,198.6272,0.3
2583,44.5610,66.8414,197.5986,0.3
2584,44.4571,66.6856,199.3507,0.3
2585,44.5235,66.7853,198.3334,0.3
2586,44.4033,66.6049,200.0094,0.3
2587,44.6325,66.9487,196.2126,0.3
2588,44.5305,66.7957,197.9461,0.3
2589,44.4291,66.6437,199.7111,0.3
2590,44.6585,66.9877,195.9326,0.3
2591,44.5591,66.8387,197.6545,0.3
2592,44.6224,66.9336,196.6362,0.3
2593,44.5046,66.7570,198.3202,0.3
2594,44.5712,66.8569,197.2885,0.3
2595,44.6274,66.9411,196.0735,0.3
2596,41.0953,61.6429,180.7804,0.3
2597,43.7234,65.5851,189.3910,0.3
2598,43.4990,65.2485,189.6396,0.3
2599,43.4731,65.2097,189.8883,0.3
2600,43.6399,65.4599,187.3322,0.3
2601,43.8314,65.7471,184.7491,0.3
2602,43.8334,65.7501,184.7103,0.3
2603,44.0223,66.0335,182.1987,0.3
2604,44.0241,66.0361,182.1609,0.3
2605,44.0029,66.0044,181.9878,0.3
2606,46.0848,69.1272,189.5115,0.3
2607,51.2431,76.8647,204.0285,0.3
2608,44.2890,66.4334,174.9524,0.3
2609,44.7301,67.0952,170.2738,0.3
2610,44.7423,67.1134,170.0707,0.3
2611,44.9896,67.4843,167.7653,0.3
2612,45.0035,67.5052,167.5826,0.3
2613,45.0175,67.5263,167.4003,0.3
2614,45.0398,67.5597,167.2481,0.3
2615,45.0543,67.5814,167.0664,0.3
2616,50.7366,76.1049,187.8721,0.3
2617,50.5035,75.7552,190.0331,0.3
2618,50.5178,75.7767,189.8249,0.3
2619,50.2739,75.4109,192.0769,0.3
2620,49.0886,73.6329,184.9721,0.3
2621,48.6201,72.9302,184.0153,0.3
2622,49.3717,74.0575,189.4934,0.3
2623,49.3941,74.0912,189.2141,0.3
2624,49.4283,74.1425,188.9860,0.3
2625,41.3956,62.0934,166.3100,0.3
2626,39.2008,58.8012,157.8804,0.3
2627,39.5455,59.3183,151.9198,0.3
2628,45.0178,67.5268,197.2585,0.3
2629,44.4653,66.6980,173.1403,0.3
2630,44.5351,66.8026,172.2873,0.3
2631,44.6008,66.9012,171.4117,0.3
2632,44.4815,66.7222,172.9028,0.3
2633,44.7797,67.1695,169.8257,0.3
2634,44.6267,66.9400,171.2139,0.3
2635,44.4976,66.7464,172.6708,0.3
2636,44.8001,67.2002,169.5967,0.3
2637,45.8022,68.7033,167.1117,0.3
2638,46.6015,69.9022,166.7748,0.3
2639,52.8083,79.2125,184.6113,0.3
2640,52.9030,79.3545,183.8011,0.3
2641,52.7191,79.0786,185.2391,0.3
2642,52.8238,79.2357,184.4574,0.3
2643,52.9327,79.3990,183.6821,0.3
2644,52.7459,79.1189,185.1326,0.3
2645,52.5608,78.8411,186.5566,0.3
2646,52.9491,79.4236,183.5296,0.3
2647,52.7651,79.1476,184.9924,0.3
2648,46.4873,69.7309,167.7228,0.3
2649,46.0789,69.1184,171.1956,0.3
2650,35.1609,52.7413,143.8528,0.3
2651,41.7178,62.5767,163.6727,0.3
2652,57.3143,85.9714,190.6265,0.3
2653,57.4181,86.1271,189.9196,0.3
2654,57.5170,86.2755,189.1838,0.3
2655,57.3059,85.9589,190.7029,0.3
2656,57.1056,85.6584,192.2305,0.3
2657,56.5911,84.8867,196.0339,0.3
2658,55.2203,82.8304,195.2087,0.3
2659,45.4892,68.2338,164.0127,0.3
2660,45.3137,67.9706,165.3478,0.3
2661,45.4002,68.1003,164.6448,0.3
2662,42.0531,63.0797,172.6337,0.3
2663,42.6600,63.9900,171.8184,0.3
2664,50.3644,75.5467,183.1918,0.3
2665,50.4766,75.7150,182.3659,0.3
2666,50.5846,75.8770,181.6062,0.3
2667,50.6545,75.9817,180.9157,0.3
2668,50.1551,75.2326,184.8688,0.3
2669,50.2129,75.3193,184.3878,0.3
2670,50.5621,75.8432,181.6600,0.3
2671,50.0489,75.0733,181.9582,0.3
2672,49.8404,74.7606,180.0140,0.3
2673,49.8997,74.8496,179.5559,0.3
2674,50.2187,75.3280,176.9196,0.3
2675,41.1496,61.7244,163.5186,0.3
2676,46.7631,70.1446,185.4136,0.3
2677,46.7930,70.1894,184.9547,0.3
2678,46.6584,69.9876,186.7916,0.3
2679,43.3881,65.0822,173.3677,0.3
2680,50.5345,75.8018,228.2715,0.3
2681,46.3522,69.5283,205.8716,0.3
2682,41.2249,61.8373,179.8907,0.3
2683,50.2136,75.3203,242.0594,0.3
2684,46.0602,69.0903,222.1698,0.3
2685,46.0391,69.0586,223.7192,0.3
2686,46.0525,69.0787,222.4245,0.3
2687,46.0559,69.0839,227.1670,0.3
2688,46.0653,69.0979,228.8938,0.3
2689,46.0814,69.1221,230.6402,0.3
2690,46.1226,69.1840,232.5029,0.3
2691,50.6415,75.9623,226.0310,0.3
2692,50.5665,75.8498,227.2437,0.3
2693,50.3653,75.5480,231.3255,0.3
2694,50.3387,75.5080,231.9307,0.3
2695,43.3194,64.9791,196.7935,0.3
2696,42.0264,63.0395,182.4795,0.3
2697,42.7514,64.1270,186.8779,0.3
2698,43.7584,65.6377,179.3911,0.3
2699,48.4949,72.7423,196.4494,0.3
2700,23.2040,34.8060,80.4599,0.3
2701,22.9080,34.3619,79.0059,0.3
2702,22.9284,34.3927,79.0765,0.3
2703,21.6635,32.4952,80.4462,0.3
2704,31.9759,47.9638,112.3864,0.3
2705,32.4962,48.7443,115.3183,0.3
2706,32.5881,48.8822,117.8424,0.3
2707,21.8850,32.8276,81.3551,0.3
2708,23.0778,34.6168,79.5918,0.3
2709,23.1376,34.7064,79.7978,0.3
2710,24.1898,36.2847,84.0680,0.3
2711,39.1793,58.7690,188.9006,0.3
2712,46.2934,69.4400,188.9006,0.3
2713,45.8868,68.8301,194.0630,0.3
2714,45.6860,68.5290,196.7240,0.3
2715,55.3184,82.9776,241.0769,0.3
2716,49.6370,74.4555,246.0485,0.3
2717,46.6025,69.9037,242.5247,0.3
2718,46.6025,69.9037,242.5247,0.3
2719,46.6025,69.9037,242.5247,0.3
2720,50.6736,76.0104,265.1949,0.3
2721,50.1077,75.1615,261.5423,0.3
2722,59.7188,89.5782,250.3181,0.3
2723,59.7188,89.5782,250.3181,0.3
2724,53.5574,80.3361,253.0945,0.3
2725,42.2179,63.3269,219.5780,0.3
2726,43.0630,64.5944,224.9551,0.3
2727,38.1237,57.1856,182.0388,0.3
2728,38.0659,57.0988,184.8030,0.3
2729,38.0654,57.0981,184.9002,0.3
2730,38.6340,57.9509,185.1227,0.3
2731,49.3147,73.9721,246.7465,0.3
2732,53.9253,80.8880,283.7654,0.3
2733,46.3366,69.5050,242.9316,0.3
2734,46.3366,69.5049,243.2453,0.3
2735,46.3611,69.5417,243.6882,0.3
2736,47.1474,70.7210,244.5640,0.3
2737,47.1769,70.7653,245.1596,0.3
2738,46.2807,69.4210,241.2196,0.3
2739,46.2316,69.3473,238.1058,0.3
2740,46.2269,69.3403,238.4088,0.3
2741,55.9348,83.9022,272.0769,0.3
2742,50.3797,75.5695,237.9597,0.3
2743,40.9727,61.4590,194.7004,0.3
2744,41.1789,61.7684,189.6094,0.3
2745,44.8662,67.2993,209.8142,0.3
2746,43.8072,65.7107,200.0691,0.3
2747,45.5835,68.3753,207.1933,0.3
2748,44.7360,67.1040,210.6516,0.3
2749,42.8219,64.2328,202.3499,0.3
2750,42.7800,64.1701,202.5786,0.3
2751,42.7790,64.1684,203.0240,0.3
2752,42.7628,64.1443,203.3972,0.3
2753,42.7433,64.1150,203.7600,0.3
2754,38.2616,57.3924,180.8979,0.3
2755,38.2436,57.3654,181.2286,0.3
2756,42.7114,64.0670,204.9559,0.3
2757,42.7134,64.0701,205.4117,0.3
2758,42.7794,64.1690,202.8377,0.3
2759,42.7630,64.1445,203.2101,0.3
2760,42.7628,64.1441,203.6583,0.3
2761,42.7436,64.1153,204.0221,0.3
2762,42.7288,64.0932,204.3992,0.3
2763,42.8185,64.2278,201.9177,0.3
2764,42.8008,64.2013,202.2931,0.3
2765,42.7798,64.1698,202.6450,0.3
2766,42.7633,64.1449,203.0167,0.3
2767,42.7628,64.1442,203.4708,0.3
2768,42.7434,64.1151,203.8271,0.3
2769,42.7245,64.0867,204.1917,0.3
2770,42.7295,64.0942,204.6629,0.3
2771,42.8017,64.2025,202.1015,0.3
2772,42.7804,64.1706,202.4593,0.3
2773,42.8867,64.3300,200.0267,0.3
2774,42.8626,64.2938,200.3700,0.3
2775,42.1014,63.1521,192.6345,0.3
2776,43.2005,64.8008,199.9310,0.3
2777,43.0421,64.5632,200.1317,0.3
2778,43.0258,64.5387,200.4747,0.3
2779,44.6653,66.9979,202.0346,0.3
2780,44.8280,67.2420,199.2790,0.3
2781,41.8723,62.8084,184.3840,0.3
2782,45.2687,67.9030,197.2313,0.3
2783,41.7816,62.6724,183.6948,0.3
2784,41.1197,61.6795,179.0708,0.3
2785,41.1486,61.7230,178.5868,0.3
2786,41.3438,62.0157,175.6676,0.3
2787,41.3806,62.0709,175.2019,0.3
2788,41.2387,61.8581,177.1359,0.3
2789,41.8769,62.8154,179.0366,0.3
2790,45.1861,67.7791,194.5214,0.3
2791,43.1505,64.7257,181.4696,0.3
2792,43.3498,65.0247,178.4461,0.3
2793,48.4770,72.7155,194.9676,0.3
2794,48.7671,73.1506,191.9431,0.3
2795,48.5833,72.8749,193.9444,0.3
2796,49.1155,73.6733,188.5191,0.3
2797,49.4405,74.1607,185.6607,0.3
2798,49.4895,74.2343,185.1908,0.3
2799,49.8009,74.7013,182.4164,0.3
2800,42.6762,64.0143,168.8858,0.3
2801,44.2249,66.3373,173.9225,0.3
2802,45.8386,68.7579,167.3057,0.3
2803,46.0244,69.0366,165.9249,0.3
2804,45.8475,68.7713,167.3618,0.3
2805,45.6769,68.5154,168.7882,0.3
2806,45.0670,67.6005,174.8014,0.3
2807,41.4406,62.1609,171.7198,0.3
2808,41.1476,61.7214,175.7006,0.3
2809,41.0403,61.5604,177.3513,0.3
2810,40.7916,61.1873,181.4953,0.3
2811,43.3647,65.0470,195.0811,0.3
2812,42.1502,63.2253,193.5327,0.3
2813,42.1067,63.1600,192.3000,0.3
2814,42.8778,64.3167,199.4407,0.3
2815,42.7930,64.1895,201.3468,0.3
2816,42.8324,64.2486,200.4546,0.3
2817,42.7522,64.1282,202.3815,0.3
2818,42.6972,64.0458,204.4109,0.3
2819,42.6362,63.9543,206.3818,0.3
2820,42.7517,64.1275,202.5407,0.3
2821,42.7016,64.0523,204.5851,0.3
2822,42.6376,63.9563,206.5404,0.3
2823,38.1868,57.2802,182.2050,0.3
2824,38.2008,57.3012,181.2894,0.3
2825,38.2376,57.3564,180.4832,0.3
2826,42.6694,64.0041,205.8005,0.3
2827,42.7701,64.1551,201.8733,0.3
2828,42.7155,64.0732,203.9039,0.3
2829,42.6510,63.9765,205.8642,0.3
2830,42.6838,64.0258,204.9665,0.3
2831,42.7157,64.0736,204.0587,0.3
2832,42.7349,64.1023,203.0923,0.3
2833,42.7687,64.1530,202.1837,0.3
2834,42.7938,64.1907,201.2288,0.3
2835,42.1722,63.2583,196.1981,0.3
2836,41.7028,62.5541,188.8671,0.3
2837,41.1038,61.6557,187.5820,0.3
2838,41.8522,62.7783,190.0118,0.3
2839,41.8030,62.7045,195.3658,0.3
2840,41.8425,62.7638,194.4088,0.3
2841,41.7801,62.6701,196.2118,0.3
2842,41.6409,62.4614,200.8666,0.3
2843,41.6111,62.4167,202.7769,0.3
2844,41.6336,62.4504,201.7620,0.3
2845,41.6050,62.4075,203.6769,0.3
2846,41.6086,62.4129,202.5742,0.3
2847,41.6933,62.5400,198.6540,0.3
2848,41.7254,62.5882,197.6695,0.3
2849,41.7610,62.6415,196.6888,0.3
2850,41.6261,62.4391,201.3816,0.3
2851,41.6019,62.4028,203.4656,0.3
2852,38.1598,57.2397,184.0554,0.3
2853,38.1596,57.2395,183.3438,0.3
2854,53.1248,79.6872,263.3852,0.3
2855,53.1008,79.6512,257.2508,0.3
2856,66.1866,147.3708,330.9329,0.2
2857,71.9348,128.3269,342.2050,0.2
2858,74.5556,129.6054,345.6143,0.2
2859,73.5372,123.3196,328.8522,0.2
2860,71.8292,191.5390,359.1461,0.2
2861,84.7006,177.1870,420.6411,0.2
2862,93.3037,149.7035,399.2094,0.2
2863,94.7005,158.4874,422.6331,0.2
2864,84.8099,151.8104,404.8278,0.2
2865,86.1849,156.9906,418.6416,0.2
2866,85.2273,176.1971,426.1364,0.2
2867,138.7566,208.1349,399.6624,0.3
2868,59.5009,89.2513,290.3141,0.3
2869,47.1113,70.6669,270.6283,0.3
2870,44.6167,66.9251,256.2985,0.3
2871,43.1734,64.7600,249.0912,0.3
2872,41.0605,61.5907,236.9009,0.3
2873,39.1448,58.7172,225.8481,0.3
2874,37.3999,56.0998,215.7807,0.3
2875,35.8039,53.7058,206.5726,0.3
2876,33.1383,49.7075,191.1933,0.3
2877,43.6272,65.4408,192.3433,0.3
2878,41.3631,62.0447,182.3613,0.3
2879,42.3183,63.4774,202.3014,0.3
2880,40.3256,60.4884,192.7754,0.3
2881,39.9472,59.9207,190.9663,0.3
2882,42.4295,63.6442,193.4148,0.3
2883,41.3362,62.0042,188.4310,0.3
2884,41.5851,62.3777,189.5658,0.3
2885,42.0698,63.1047,191.7753,0.3
2886,41.6943,62.5414,190.0635,0.3
2887,42.6574,63.9861,194.4539,0.3
2888,42.6574,63.9861,194.4539,0.3
2889,42.6574,63.9861,194.4539,0.3
2890,41.8923,62.8385,190.9663,0.3
2891,41.8923,62.8385,190.9663,0.3
2892,45.6744,68.5115,208.2067,0.3
2893,47.0915,70.6373,214.6667,0.3
2894,38.3321,57.4981,211.7309,0.3
2895,47.0915,70.6373,214.6667,0.3
2896,68.5825,102.8738,207.8771,0.3
2897,66.5789,99.8684,201.8041,0.3
2898,74.1620,111.2429,224.7886,0.3
2899,69.6302,104.4453,211.0527,0.3
2900,65.6204,98.4306,198.8988,0.3
2901,63.7838,95.6758,193.3321,0.3
2902,63.7838,95.6758,193.3321,0.3
2903,63.7838,95.6758,193.3321,0.3
2904,63.7838,95.6758,193.3321,0.3
2905,63.7838,95.6758,193.3321,0.3
2906,62.0473,93.0709,188.0685,0.3
2907,62.0473,93.0709,188.0685,0.3
2908,62.0473,93.0709,188.0685,0.3
2909,62.0473,93.0709,188.0685,0.3
2910,62.0473,93.0709,188.0685,0.3
2911,62.0473,93.0709,188.0685,0.3
2912,63.9270,95.8905,193.7659,0.3
2913,67.5659,101.3488,204.7956,0.3
2914,69.6302,104.4453,211.0527,0.3
2915,67.5659,101.3488,204.7956,0.3
2916,67.5659,101.3488,204.7956,0.3
2917,67.5659,101.3488,204.7956,0.3
2918,69.6302,104.4453,211.0527,0.3
2919,37.1427,55.7141,205.1615,0.3
2920,37.1427,55.7141,205.1615,0.3
2921,37.6924,56.5386,208.1976,0.3
2922,37.5623,56.3434,207.4790,0.3
2923,37.9192,56.8789,209.4506,0.3
2924,38.1853,57.2780,210.9205,0.3
2925,37.6687,56.5030,208.0666,0.3
2926,37.2467,55.8701,205.7360,0.3
2927,36.8342,55.2512,203.4571,0.3
2928,37.5741,56.3611,207.5441,0.3
2929,37.1543,55.7314,205.2252,0.3
2930,37.3164,55.9746,206.1208,0.3
2931,37.4800,56.2200,207.0243,0.3
2932,37.0508,55.5762,204.6536,0.3
2933,38.4058,57.6088,212.1385,0.3
2934,73.4450,110.1674,222.6154,0.3
2935,72.4181,108.6271,219.5028,0.3
2936,37.6095,56.4142,207.7398,0.3
2937,37.1889,55.7833,205.4165,0.3
2938,37.9433,56.9149,209.5834,0.3
2939,37.5035,56.2552,207.1540,0.3
2940,37.6687,56.5030,208.0666,0.3
2941,37.8353,56.7530,208.9872,0.3
2942,37.4097,56.1145,206.6361,0.3
2943,36.9935,55.4903,204.3373,0.3
2944,71.8473,107.7710,217.7728,0.3
2945,73.1385,109.7078,221.6866,0.3
2946,37.3863,56.0795,206.5071,0.3
2947,37.5505,56.3258,207.4139,0.3
2948,38.3198,57.4797,211.6631,0.3
2949,37.8952,56.8428,209.3180,0.3
2950,38.6788,58.0183,213.6464,0.3
2951,38.2341,57.3512,211.1899,0.3
2952,37.7995,56.6993,208.7893,0.3
2953,38.5916,57.8873,213.1643,0.3
2954,38.7665,58.1498,214.1307,0.3
2955,38.9431,58.4146,215.1059,0.3
2956,39.7711,59.6567,219.6796,0.3
2957,39.9703,59.9554,220.7799,0.3
2958,39.4956,59.2433,218.1576,0.3
2959,41.0391,61.5586,226.6835,0.3
2960,40.5388,60.8082,223.9200,0.3
2961,40.0639,60.0959,221.2971,0.3
2962,39.5870,59.3805,218.6626,0.3
2963,39.1213,58.6819,216.0901,0.3
2964,38.0518,57.0777,210.1830,0.3
2965,62.6959,94.0439,190.0345,0.3
2966,61.8117,92.7175,187.3543,0.3
2967,68.3767,102.5651,207.2534,0.3
2968,67.3861,101.0791,204.2506,0.3
2969,66.3657,99.5485,201.1577,0.3
2970,67.3065,100.9597,204.0093,0.3
2971,66.2692,99.4038,200.8652,0.3
2972,66.2307,99.3460,200.7485,0.3
2973,68.1722,102.2583,206.6334,0.3
2974,67.1083,100.6624,203.4086,0.3
2975,66.0962,99.1443,200.3409,0.3
2976,65.1142,97.6713,197.3644,0.3
2977,67.9689,101.9533,206.0171,0.3
2978,67.9284,101.8926,205.8943,0.3
2979,67.8879,101.8319,205.7717,0.3
2980,67.8273,101.7409,205.5879,0.3
2981,69.8650,104.7975,211.7644,0.3
2982,68.7688,103.1532,208.4416,0.3
2983,66.6958,100.0438,202.1585,0.3
2984,66.6568,99.9852,202.0402,0.3
2985,65.6582,98.4873,199.0134,0.3
2986,64.6707,97.0061,196.0203,0.3
2987,64.6341,96.9511,195.9091,0.3
2988,64.5974,96.8961,195.7980,0.3
2989,65.4696,98.2044,198.4417,0.3
2990,65.4320,98.1480,198.3277,0.3
2991,64.4695,96.7043,195.4103,0.3
2992,65.3757,98.0636,198.1570,0.3
2993,67.5458,101.3188,204.7349,0.3
2994,50.7389,76.1083,223.6971,0.3
2995,40.8096,61.2144,179.9208,0.3
2996,43.0939,64.6408,221.7824,0.3
2997,74.2344,111.3516,225.0083,0.3
2998,75.3138,112.9708,228.2801,0.3
2999,41.0391,61.5586,226.6835,0.3
3000,43.5788,65.3682,240.7119,0.3
3001,87.2510,130.8765,264.4623,0.3
3002,41.1474,70.7526,180.2057,0.2
3003,43.1199,64.6799,164.6389,0.2
3004,40.2001,65.1987,166.3713,0.2
3005,32.4862,48.7294,124.8220,0.2
3006,35.6584,53.4876,130.0660,0.2
3007,36.0570,54.0855,133.4389,0.2
3008,42.0000,75.7500,241.5000,0.4
3009,83.3648,220.1654,288.5657,0.2
3010,72.5956,190.9908,250.1884,0.2
3011,82.1890,216.1226,283.0893,0.2
3012,118.9562,272.5964,349.4165,0.2
3013,118.6469,266.7285,340.7693,0.2
3014,118.1756,265.9471,339.8329,0.2
3015,134.5405,306.7606,392.8706,0.2
3016,134.6830,291.3054,369.6166,0.2
3017,132.9816,301.2879,385.4411,0.2
3018,120.6052,276.6536,354.6778,0.2
3019,111.9607,250.7688,320.1728,0.2
3020,117.8606,261.4188,333.1979,0.2
3021,132.5432,326.3209,423.2097,0.2
3022,138.9228,335.7525,434.1674,0.2
3023,108.0260,255.4827,329.2111,0.2
3024,46.5000,71.2500,223.5000,0.4
3025,39.0000,60.0000,150.0000,0.4
3026,46.5000,71.2500,223.5000,0.4
3027,46.5000,71.2500,223.5000,0.4
3028,61.5000,87.7500,219.0000,0.4
3029,39.0000,60.0000,150.0000,0.4
3030,39.0000,60.0000,150.0000,0.4
3031,61.5000,87.7500,219.0000,0.4
3032,61.5000,87.7500,219.0000,0.4
3033,46.5000,71.2500,223.5000,0.4
3034,74.1146,111.1719,409.2749,0.3
3035,77.1024,115.6536,419.3801,0.3
3036,74.1378,111.2068,382.6264,0.3
3037,75.3769,113.0654,359.6703,0.3
3038,66.5133,99.7700,305.5160,0.3
3039,66.5266,99.7899,295.9943,0.3
3040,65.4939,98.2409,305.7016,0.3
3041,65.1141,97.6712,294.6282,0.3
3042,65.0854,97.6281,285.1673,0.3
3043,65.1492,97.7238,276.2961,0.3
3044,65.2985,97.9478,267.9613,0.3
3045,75.6582,113.4872,298.8751,0.3
3046,78.0540,117.0810,286.6122,0.3
3047,81.6484,122.4727,278.5738,0.3
3048,80.5926,120.8890,271.6440,0.3
3049,87.9114,131.8671,287.2601,0.3
3050,72.4257,108.6386,275.5339,0.3
3051,72.4680,108.7021,269.5909,0.3
3052,72.9859,109.4788,266.3587,0.3
3053,73.1456,109.7184,262.7759,0.3
3054,80.2182,120.3274,409.8424,0.3
3055,102.1053,153.1580,441.2628,0.3
3056,34.6454,127.0332,173.2271,0.2
3057,34.2989,125.7628,171.4947,0.2
3058,33.7559,123.7718,168.7797,0.2
3059,101.1649,151.7474,296.6964,0.3
3060,89.2197,133.8295,255.5565,0.3
3061,78.6534,117.9801,228.8819,0.3
3062,77.6783,116.5174,230.7188,0.3
3063,85.7023,128.5535,261.2357,0.3
3064,70.7449,106.1173,266.8913,0.3
3065,77.4178,116.1267,311.8211,0.3
3066,77.7193,116.5790,313.6635,0.3
3067,66.9709,100.4563,283.0600,0.3
3068,64.0724,96.1086,274.6194,0.3
3069,65.2117,97.8175,292.0559,0.3
3070,63.9102,95.8654,290.0532,0.3
3071,65.0663,97.5995,300.1588,0.3
3072,68.6594,102.9890,312.5935,0.3
3073,101.6443,152.4664,346.2645,0.3
3074,104.5435,156.8152,352.9613,0.3
3075,74.3237,111.4856,296.7081,0.3
3076,87.6725,138.7049,232.3944,0.3
3077,80.4001,131.7106,220.6756,0.3
3078,75.9448,125.3595,210.0347,0.3
3079,72.9008,129.3526,216.7249,0.3
3080,71.2632,106.8948,262.7569,0.3
3081,70.9858,106.4786,261.7339,0.3
3082,45.7283,167.6706,228.6417,0.2
3083,45.7283,167.6706,228.6417,0.2
3084,45.7283,167.6706,228.6417,0.2
3085,30.8009,46.2013,126.3449,0.3
3086,30.8009,46.2013,126.3449,0.3
3087,30.8009,46.2013,126.3449,0.3
3088,30.8009,46.2013,126.3449,0.3
3089,30.8009,46.2013,126.3449,0.3
3090,30.8009,46.2013,126.3449,0.3
3091,30.8009,46.2013,126.3449,0.3
3092,30.8009,46.2013,126.3449,0.3
3093,30.8009,46.2013,126.3449,0.3
3094,78.7996,236.3987,315.1983,0.2
3095,75.1247,222.8298,296.6823,0.2
3096,75.4446,225.1996,300.0772,0.2
3097,76.2023,228.4690,304.6023,0.2
3098,79.5344,238.6033,318.1377,0.2
3099,78.6164,235.8491,314.4654,0.2
3100,81.5506,231.1511,305.9513,0.2
3101,83.2064,226.4255,298.0351,0.2
3102,78.9500,218.0960,287.6690,0.2
3103,66.9518,200.8553,267.8070,0.2
3104,60.7500,182.2500,243.0000,0.2
3105,57.0933,171.2800,228.3734,0.2
3106,55.4278,166.2833,221.7111,0.2
3107,55.5771,166.7313,222.3084,0.2
3108,56.1888,168.5663,224.7551,0.2
3109,72.4380,217.3140,289.7520,0.2
3110,74.8604,224.5811,299.4415,0.2
3111,72.9424,218.8272,291.7695,0.2
3112,61.8002,185.4007,247.2009,0.2
3113,68.4513,205.3540,273.8053,0.2
3114,66.8957,200.6872,267.5830,0.2
3115,70.5699,211.7096,282.2795,0.2
3116,73.2717,219.8150,293.0867,0.2
3117,76.6000,229.8001,306.4001,0.2
3118,71.5464,214.6392,286.1856,0.2
3119,72.3818,217.1455,289.5273,0.2
3120,72.0633,216.1899,288.2532,0.2
3121,76.2801,228.8402,305.1202,0.2
3122,75.7227,227.1680,302.8907,0.2
3123,75.4671,226.4012,301.8683,0.2
3124,83.8311,251.4932,335.3243,0.2
3125,80.9557,242.8671,323.8228,0.2
3126,78.7153,236.1460,314.8613,0.2
3127,75.8240,227.4720,303.2960,0.2
3128,88.2421,258.5574,343.7150,0.2
3129,99.3659,274.3953,361.9101,0.2
3130,92.8597,274.8095,365.7845,0.2
3131,80.0082,240.0246,320.0328,0.2
3132,80.1789,240.5367,320.7156,0.2
3133,78.9582,236.8746,315.8328,0.2
3134,78.6887,236.0662,314.7550,0.2
3135,68.9489,206.8468,275.7957,0.2
3136,71.2287,213.6861,284.9148,0.2
3137,108.3943,325.1829,433.5772,0.2
3138,83.1885,249.5654,332.7538,0.2
3139,91.4508,274.3524,365.8032,0.2
3140,146.7493,377.1748,492.3876,0.2
3141,155.8339,379.8065,491.7928,0.2
3142,61.8233,185.4698,247.2931,0.2
3143,61.2774,183.8322,245.1096,0.2
3144,82.9751,248.9254,331.9005,0.2
3145,124.0957,372.2870,496.3827,0.2
3146,53.2972,117.8892,150.1852,0.2
3147,48.4777,124.6681,162.7634,0.2
3148,48.2890,125.4792,164.0743,0.2
3149,48.9394,128.7800,168.7003,0.2
3150,54.5198,152.1136,194.4160,0.2
3151,75.4494,170.3167,216.8964,0.2
3152,51.7368,115.7431,147.7463,0.2